thread,core,wall_s,cpu_s,rows,pixels,iters
0,1,164.977617,164.972260,2160,16588800,43232454959
1,0,164.978379,164.967880,2160,16588800,43231715196
