threads,width,height,iters,left,right,lower,upper,total_s,compute_s,io_s
4,7680,4320,10000,-0.29312093251797128,-0.2741427339562606,-0.63371257432793893,-0.64296548812156951,88.186281,85.945221,2.241059
