threads,width,height,iters,left,right,lower,upper,total_s,compute_s,io_s
8,7680,4320,10000,-0.29312093251797128,-0.2741427339562606,-0.63371257432793893,-0.64296548812156951,47.477723,45.041108,2.436614
