thread,core,wall_s,cpu_s,rows,pixels,iters
0,2,329.769010,329.745519,4320,33177600,86464170155
