threads,width,height,iters,left,right,lower,upper,total_s,compute_s,io_s
1,7680,4320,10000,-0.29312093251797128,-0.2741427339562606,-0.63371257432793893,-0.64296548812156951,332.205631,329.769427,2.436204
