rank,node,threads,local_rows,pixels,iters,total_s,compute_s,comm_s,post_s,io_s
0,apollo05,1,4320,33177600,86464170155,393.348278,390.945962,0.024676,0.025959,2.245227
